{
  "project_info": {
    "project_number": "10385548105",
    "firebase_url": "https://nightlight2-6bf8e.firebaseio.com",
    "project_id": "nightlight2-6bf8e",
    "storage_bucket": "nightlight2-6bf8e.appspot.com"
  },
  "client": [
    {
      "client_info": {
        "mobilesdk_app_id": "1:10385548105:android:1988f8c1ef8a1663",
        "android_client_info": {
          "package_name": "com.sarnavsky.pasz.nighlight2"
        }
      },
      "oauth_client": [
        {
          "client_id": "10385548105-bgfhp25pllfnvmhqgh1gs4ja6022g2rr.apps.googleusercontent.com",
          "client_type": 1,
          "android_info": {
            "package_name": "com.sarnavsky.pasz.nighlight2",
            "certificate_hash": "030804b78611b1dc1dd88e7a7fac28c204252aa0"
          }
        },
        {
          "client_id": "10385548105-cj3tuahekic2hi0qnl257dsc7h38vnp7.apps.googleusercontent.com",
          "client_type": 3
        }
      ],
      "api_key": [
        {
          "current_key": "AIzaSyBUxf0cC7Mn2tl9Us9YgwZoonliIrCruAw"
        }
      ],
      "services": {
        "analytics_service": {
          "status": 1
        },
        "appinvite_service": {
          "status": 2,
          "other_platform_oauth_client": [
            {
              "client_id": "10385548105-cj3tuahekic2hi0qnl257dsc7h38vnp7.apps.googleusercontent.com",
              "client_type": 3
            }
          ]
        },
        "ads_service": {
          "status": 2
        }
      }
    }
  ],
  "configuration_version": "1"
}